{"Align Engine Output": {"Upper Engine": [-19.3633, -0.82293], "Lower Engine": [-18.9194, -13.0284]}, "Calibrate Distributor": {"Electrical": [-5.72605, -7.8314]}, "Chart Course": {"Navigation": [17.4299, -2.71914]}, "Clean O2 Filter": {"Oxygen": [6.06106, -2.91086]}, "Vent Cleaning": {"Reactor(-22/-3)": [-21.8074, -2.90732], "Reactor(-21/-7)": [-20.734476, -6.73112], "Admin": [2.45933, -9.8542], "Electrical": [-9.76719, -7.74916], "Navigation": [16.0599, -6.04284], "Hallway": [9.43489, -6.187819999999999], "Lower Engine": [-15.2865, -13.322099999999999], "Shields": [9.44654, -14.021099999999999], "MedBay": [-10.5891, -3.98927], "Cafeteria": [4.17271, -0.08546099999999995], "Weapons": [8.83778, 3.52183], "Upper Engine": [-15.309, 2.7651399999999997], "Security": [-12.6188, -6.60002]}, "Clear Asteroids": {"Weapons": [8.714446, 1.659107]}, "Divert Power": {"Electrical": [-8.9636, -7.67013], "Security": [-12.2512, -3.1181], "Communications": [6.33178, -14.3255], "Lower Engine": [-18.0686, -9.47574], "Upper Engine": [-17.1547, 3.01952], "Navigation": [16.0251, -2.71287], "Oxygen": [8.30851, -2.7543800000000003], "Shields": [10.7999, -10.3227], "Weapons": [11.1841, 2.03763]}, "Empty Chute": {"Oxygen": [5.12518, -3.40323], "Storage": [0.593161, -16.5577]}, "Empty Garbage": {"Cafeteria": [4.08582, 3.94563], "Storage": [0.752964, -16.807100000000002]}, "Fix Wiring": {"Navigation": [14.5851, -4.299499999999999], "Cafeteria": [-5.06366, 5.19254], "Security": [-15.5438, -4.75805], "Electrical": [-7.59342, -7.70701], "Storage": [-1.97415, -9.00421], "Admin": [1.27991, -6.5761199999999995]}, "Fuel Engines": {"Storage": [-3.28429, -13.920729999999999], "Upper Engine": [-18.0392, -0.20767000000000002], "Lower Engine": [-18.00792, -12.4078]}, "Inspect Sample": {"MedBay": [-6.45565, -4.539669999999999]}, "Prime Shields": {"Shields": [7.52442, -14.0795]}, "Stabilize Steering": {"Navigation": [18.1787, -5.2356]}, "Start Reactor": {"Reactor": [-21.4732, -5.718649999999999]}, "Submit Scan": {"MedBay": [-7.19366, -4.772959999999999]}, "Swipe Card": {"Admin": [5.9183, -8.6245]}, "Unlock Manifolds": {"Reactor": [-22.319, -2.34507]}, "Upload Data": {"Cafeteria": [3.25315, 4.779590000000001], "Communications": [4.296145, -14.474969999999999], "Admin": [2.68849, -6.470059999999999], "Electrical": [-9.88091, -7.645439999999999], "Navigation": [16.9168, -2.7157], "Weapons": [8.71317, 3.77072]}, "Fix Lights": {"Electrical": [-9.80124, -10.2837]}, "Reset Reactor": {"Reactor": [-21.338, -1.6520299999999999]}, "Restore Oxygen": {"Oxygen": [6.74736, -3.03035]}}